Workbook

Sheet Semana 43
A1: AppWatch · Semana 43 (20–26 oct 2026) · prueba de flujo
A2: Horas en Europe/Madrid. Estado y Tipo editables (desplegables, texto azul).
A4: Día | B4: Fecha | C4: Hora | D4: Red | E4: Herramienta | F4: Tipo | G4: Contenido | H4: Estado | I4: Notas / enlace
A5: Martes | B5: 2026-10-20 | C5: 10:00 | D5: X | E5: Typefully | F5: AppWatch | G5: Prueba de flujo (vídeo) | H5: Publicado | I5: Vídeo comprimido (5,8 MB)
A6: Martes | B6: 2026-10-20 | C6: 10:00 | D6: LinkedIn | E6: Manual | F6: AppWatch | G6: Prueba de flujo (vídeo) | H6: Publicado | I6: Vídeo horizontal original
A7: Jueves | B7: 2026-10-22 | C7: 10:00 | D7: Facebook | E7: Metricool | F7: AppWatch | G7: Prueba de flujo | H7: Publicado | I7: https://facebook.com/1892407955054204/posts/1670157114758494
A8: Sábado | B8: 2026-10-24 | C8: 11:00 | D8: Instagram (Reel) | E8: Metricool | F8: AppWatch | G8: Prueba de flujo (Reel) | H8: Publicado | I8: Enlace en la bio

Sheet Semana 44
A1: La Terreta Games · Semana 44 (27–31 oct 2026)
A2: Horas en Europe/Madrid. Estado y Tipo editables (desplegables, texto azul).
A4: Día | B4: Fecha | C4: Hora | D4: Red | E4: Herramienta | F4: Tipo | G4: Contenido | H4: Estado | I4: Notas / enlace
A5: Martes | B5: 2026-10-27 | C5: 12:02 | D5: X | E5: Typefully | F5: AppWatch | G5: Store listing: ¿ayudó el cambio? | H5: Publicado | I5: https://x.com/laterretagames/status/2115051399759446264 (recuperado: salió a las 13:00 hora de Madrid en vez de 10:00)
A6: Martes | B6: 2026-10-27 | C6: — | D6: LinkedIn | E6: Manual | F6: AppWatch | G6: Store listing: ¿ayudó el cambio? | H6: Pendiente | I6: Lo publica Roberto a mano; confirmar si ya salió
A7: Jueves | B7: 2026-10-29 | C7: 10:00 | D7: X | E7: Typefully | F7: AppWatch | G7: Steam en AppWatch | H7: Programado
A8: Jueves | B8: 2026-10-29 | C8: 10:00 | D8: Facebook | E8: Metricool | F8: AppWatch | G8: Steam en AppWatch | H8: Programado
A9: Jueves | B9: 2026-10-29 | C9: — | D9: LinkedIn | E9: Manual | F9: AppWatch | G9: Steam en AppWatch | H9: Pendiente | I9: Lo publica Roberto a mano (texto ya enviado)
A10: Sábado | B10: 2026-10-31 | C10: 11:00 | D10: Instagram (Reel) | E10: Metricool | F10: Entre bastidores | G10: Reel: hoja de ruta pública (AppWatch) | H10: Programado
A11: Sábado | B11: 2026-10-31 | C11: 11:00 | D11: Facebook (Reel) | E11: Metricool | F11: Entre bastidores | G11: Reel: hoja de ruta pública (AppWatch) | H11: Programado

Sheet Resumen
A1: Resumen
A3: Semana | B3: Publicado | C3: Programado | D3: Pendiente | E3: Borrador | F3: Total
A4: Semana 43 | B4: =COUNTIF('Semana 43'!$H$5:$H$40,"Publicado") -> 4 | C4: =COUNTIF('Semana 43'!$H$5:$H$40,"Programado") -> 0 | D4: =COUNTIF('Semana 43'!$H$5:$H$40,"Pendiente") -> 0 | E4: =COUNTIF('Semana 43'!$H$5:$H$40,"Borrador") -> 0 | F4: =SUM(B4:E4) -> 4
A5: Semana 44 | B5: =COUNTIF('Semana 44'!$H$5:$H$40,"Publicado") -> 1 | C5: =COUNTIF('Semana 44'!$H$5:$H$40,"Programado") -> 4 | D5: =COUNTIF('Semana 44'!$H$5:$H$40,"Pendiente") -> 2 | E5: =COUNTIF('Semana 44'!$H$5:$H$40,"Borrador") -> 0 | F5: =SUM(B5:E5) -> 7
A6: Total | B6: =SUM(B4:B5) -> 5 | C6: =SUM(C4:C5) -> 4 | D6: =SUM(D4:D5) -> 2 | E6: =SUM(E4:E5) -> 0 | F6: =SUM(F4:F5) -> 11
A8: Mezcla de contenido (publicaciones por tipo)
A9: Tipo | B9: Semana 43 | C9: Semana 44 | D9: Total | E9: % del total | F9: Objetivo mensual
A10: AppWatch | B10: =COUNTIF('Semana 43'!$F$5:$F$40,$A10) -> 4 | C10: =COUNTIF('Semana 44'!$F$5:$F$40,$A10) -> 5 | D10: =B10+C10 -> 9 | E10: =IF($D$14=0,0,D10/$D$14) -> 0.81818182 | F10: 0.3
A11: Otro producto | B11: =COUNTIF('Semana 43'!$F$5:$F$40,$A11) -> 0 | C11: =COUNTIF('Semana 44'!$F$5:$F$40,$A11) -> 0 | D11: =B11+C11 -> 0 | E11: =IF($D$14=0,0,D11/$D$14) -> 0 | F11: 0.25
A12: Audiencia | B12: =COUNTIF('Semana 43'!$F$5:$F$40,$A12) -> 0 | C12: =COUNTIF('Semana 44'!$F$5:$F$40,$A12) -> 0 | D12: =B12+C12 -> 0 | E12: =IF($D$14=0,0,D12/$D$14) -> 0 | F12: 0.3
A13: Entre bastidores | B13: =COUNTIF('Semana 43'!$F$5:$F$40,$A13) -> 0 | C13: =COUNTIF('Semana 44'!$F$5:$F$40,$A13) -> 2 | D13: =B13+C13 -> 2 | E13: =IF($D$14=0,0,D13/$D$14) -> 0.18181818 | F13: 0.15
A14: Total | D14: =SUM(D10:D13) -> 11
A16: Nota: hasta la semana 44 todo fue AppWatch (campaña inicial). Desde la semana 45 cada semana mezcla 1 AppWatch + 1 otro producto/estudio + 1 de audiencia. Al añadir una semana nueva, crea su pestaña y súmala a estas tablas.

Sheet Estrategia
A1: Estrategia de contenido de la cuenta (todos los productos)
A3: Objetivo | B3: Captar seguidores nuevos y mantener el interés: la cuenta es de La Terreta Games y de todos sus productos, no solo de AppWatch.
A4: Cada semana | B4: 1 pieza AppWatch (función lanzada o dato real) + 1 de otro producto o del estudio (Sensores, FoxyHops, Retro Loco, juego de fútbol, plugins; rotan) + 1 de audiencia (sin venta, pensada para compartir).
A5: Formatos de audiencia | B5: Humor de desarrollador indie, opinión polémica sana, 'lo que aprendí', encuestas, mitos vs. realidad, mini-guías de 3-5 consejos, confesiones de build in public.
A6: Calendario | B6: Martes 10:00 LinkedIn + X · Jueves 10:00 LinkedIn + X + Facebook · Sábado 11:00 Instagram (Reel) + Facebook.
A7: Reglas | B7: Máx. 1 emoji · 1-2 hashtags (5 en Instagram) · sin competidores ni política · sin memes con derechos · solo hechos verificados, sin cifras inventadas · siempre imagen o vídeo.
A8: Aprobación | B8: Nada se programa hasta que Roberto dice 'aprobado'; el contenido de Sensores y otros productos es propuesta hasta entonces. LinkedIn lo publica Roberto a mano.
A9: Fuentes | B9: brand/voice.md y brand/products.md en el repositorio laterretagames-media.
